<beans xmlns="http://www.springframework.org/schema/beans"
       xmlns:xsi="http://www.w3.org/2001/XMLSchema-instance"
       xsi:schemaLocation="http://www.springframework.org/schema/beans http://www.springframework.org/schema/beans/spring-beans.xsd">

        <!--
             Instruction for writing bean defination:
               
               1. bean id should be same as class name but in camel-case naming convention.
               2. below is an example for reference.
                
               <bean id="myFriend" class="com.example.TuneIn.MyFriend"> 
        -->
        <bean id="myLocation" class="com.example.WheatherWatchers.myLocation" scope="prototype" init-method="init"></bean>
		<bean id="myUser" class="com.example.WheatherWatchers.myUser" init-method="init" destroy-method="destroy">
		<property name="location" ref="myLocation"></property>
		<property name="weatherForecast" ref="myForeCast"></property>
		</bean>
		<bean id="myForeCast" class="com.example.WheatherWatchers.myForeCast" ></bean>
</beans>